product,entry_open,sl,tp,rr,nc,R,sl_over_R,sl_usd,tp_net_usd,n,tp_n,sl_n,flat_n,wr_cond,flat_share,ev_trade,wr_h1,wr_h2,combine_pass,p10,p25,p50,p75,p90,mean,p_ge1_payout_1y,xfa_p_ge1_payout,xfa_avg_days,xfa_mean_payout,skipped
MGC,420,238,238,1.0,9,476.9999999999982,0.4989517819706518,2159.28,2124.72,515.0,199.0,187.0,129.0,0.5155440414507773,0.2504854368932039,30.70834951456314,0.5422535211267606,0.5,0.46976,14771.378700000098,21065.43825000021,29840.953500000192,40491.65362500026,51218.015625000146,31875.472836107398,1.0,0.48212,11.47446,2266.210209424231,
MGC,420,238,159,0.67,9,476.9999999999982,0.4989517819706518,2159.28,1413.72,515.0,272.0,160.0,83.0,0.6296296296296297,0.16116504854368932,42.20737864076764,0.6703910614525139,0.6007905138339921,0.49434,14144.677649999676,20145.97068749965,28216.150664062006,37967.45906249951,47577.24449999938,29909.08054536458,1.0,0.60682,12.08126,2331.79331647993,
MGC,420,238,102,0.43,9,476.9999999999982,0.4989517819706518,2159.28,900.72,515.0,338.0,131.0,46.0,0.720682302771855,0.08932038834951456,-10.866407767005114,0.7476635514018691,0.6980392156862745,0.47722,7514.985599999523,11627.975249999336,17268.648187499348,24042.079546874036,31391.03058749879,18557.72582383268,1.0,0.71092,11.55946,1667.1109078357988,
MGC,420,238,79,0.33,9,476.9999999999982,0.4989517819706518,2159.28,693.72,515.0,367.0,117.0,31.0,0.7582644628099173,0.06019417475728155,-47.84504854369808,0.7807017543859649,0.73828125,0.45576,3466.8242999998597,6513.574499999799,10799.446499999654,16087.082835937043,21507.951262499697,11835.948637895786,1.0,0.77578,11.14052,1230.6040533849327,
MGC,420,238,60,0.25,9,476.9999999999982,0.4989517819706518,2159.28,522.72,515.0,390.0,101.0,24.0,0.7942973523421588,0.04660194174757282,-67.95961165048857,0.8076923076923077,0.7821011673151751,0.39714,520.635599999964,2723.280749999908,5794.760249999952,9740.150015624933,13992.676593749942,6676.917301298641,0.99995,0.82482,10.56392,885.9499391102714,
MGC,420,238,43,0.18,9,476.9999999999982,0.4989517819706518,2159.28,369.72,515.0,418.0,83.0,14.0,0.8343313373253493,0.027184466019417475,-73.69165048542611,0.8442622950819673,0.8249027237354085,0.35322,-699.029999999852,910.5412500002867,3212.399250000358,6073.729945313012,9239.398143750555,3831.7751230337144,0.99985,0.88864,10.79498,675.7388799580398,
MGC,420,358,358,1.0,6,476.9999999999982,0.7505241090146779,2159.52,2136.48,515.0,124.0,133.0,258.0,0.48249027237354086,0.5009708737864078,-38.8869902912623,0.4375,0.49740932642487046,0.4099,6920.607599999993,11188.854000000054,17017.64100000003,24383.39400000004,32616.917100000075,18711.586121236596,0.99985,0.4964,11.67988,1649.015558702409,
MGC,420,358,240,0.67,6,476.9999999999982,0.7505241090146779,2159.52,1428.48,515.0,217.0,113.0,185.0,0.6575757575757576,0.3592233009708738,43.43533980582292,0.7,0.6363636363636364,0.50606,11341.619999999897,16588.4624999999,23938.7129999999,32760.066937499952,41870.98392187483,25525.31597467644,0.99995,0.63948,13.77864,2282.275532165948,
MGC,420,358,154,0.43,6,476.9999999999982,0.7505241090146779,2159.52,912.48,515.0,304.0,88.0,123.0,0.7755102040816326,0.23883495145631067,72.21203883494606,0.8181818181818182,0.7478991596638656,0.58194,11149.825499999808,16277.21324999974,23414.953499999563,31732.708499999535,40270.63685624926,24810.67340559467,1.0,0.78728,14.80794,2381.7173492409756,
MGC,420,358,118,0.33,6,476.9999999999982,0.7505241090146779,2159.52,696.48,515.0,350.0,78.0,87.0,0.8177570093457944,0.16893203883495145,49.16737864078273,0.8547486033519553,0.7911646586345381,0.58766,7525.639800000305,11753.28900000041,17545.82850000049,24468.568593750664,31527.57836250067,18732.109298230025,1.0,0.84408,14.0717,1927.613504535725,
MGC,420,358,90,0.25,6,476.9999999999982,0.7505241090146779,2159.52,528.48,515.0,379.0,68.0,68.0,0.8478747203579419,0.13203883495145632,13.31883495145496,0.8781725888324873,0.824,0.53906,2961.824399999971,6001.232624999993,10120.977000000014,15162.092999999992,20420.78689687496,11078.255782659271,1.0,0.87666,12.93074,1357.485723574154,
MGC,420,358,64,0.18,6,476.9999999999982,0.7505241090146779,2159.52,372.48,515.0,410.0,56.0,49.0,0.8798283261802575,0.09514563106796116,-13.151067961170398,0.8930232558139535,0.8685258964143426,0.49839,485.7839999998645,2608.9289999998155,5480.473499999728,9061.304624999837,12935.84984999968,6210.565440309723,1.0,0.9205,12.337,949.2138948379211,
MGC,420,364,364,1.0,6,476.9999999999982,0.7631027253668792,2195.52,2172.48,515.0,120.0,133.0,262.0,0.4743083003952569,0.5087378640776699,-54.02097087378637,0.42857142857142855,0.48947368421052634,0.39823,6174.338399999968,10263.442499999985,16043.489999999962,23113.41524999998,30910.47839999994,17584.403643400714,0.99995,0.48432,11.408,1561.923524604369,
MGC,420,364,244,0.67,6,476.9999999999982,0.7631027253668792,2195.52,1452.48,515.0,207.0,115.0,193.0,0.6428571428571429,0.37475728155339805,14.355728155338452,0.6857142857142857,0.6221198156682027,0.47744,9548.636399999923,14375.103749999973,20964.075749999916,29166.29943749986,37501.13536874961,22531.287133020796,1.0,0.61594,13.05132,2018.6960527077833,
MGC,420,364,157,0.43,6,476.9999999999982,0.7631027253668792,2195.52,930.48,515.0,299.0,90.0,126.0,0.7686375321336761,0.2446601941747573,59.80427184465559,0.8157894736842105,0.7383966244725738,0.56205,10202.228099999842,15237.409499999729,22034.220749999586,30347.225648437,38807.107087499266,23591.7608877447,1.0,0.77302,14.39364,2260.7461615504667,
MGC,420,364,120,0.33,6,476.9999999999982,0.7631027253668792,2195.52,708.48,515.0,347.0,79.0,89.0,0.8145539906103286,0.17281553398058253,43.2256310679628,0.8539325842696629,0.7862903225806451,0.57272,7099.8390000000345,11227.025250000042,16945.3468125001,23902.92703125006,30964.498256250015,18239.43452137553,1.0,0.83548,13.85626,1888.1312787538711,
MGC,420,364,91,0.25,6,476.9999999999982,0.7631027253668792,2195.52,534.48,515.0,379.0,68.0,68.0,0.8478747203579419,0.13203883495145632,12.980970873791668,0.8781725888324873,0.824,0.54766,3309.1335000002787,6480.438750000209,10723.232250000197,15832.705605469233,21253.121286328667,11660.25449754358,1.0,0.87508,12.9291,1375.8703579305425,
MGC,420,364,66,0.18,6,476.9999999999982,0.7631027253668792,2195.52,384.48,515.0,409.0,56.0,50.0,0.8795698924731182,0.0970873786407767,-10.098640776693962,0.8925233644859814,0.8685258964143426,0.50838,781.5528000001486,3014.0133750002674,6060.983203125343,9806.7054375003,13868.363995312871,6806.918892391929,1.0,0.91778,12.45026,1003.6700669519792,
MGC,420,477,477,1.0,5,476.9999999999982,1.0000000000000038,2394.6,2375.4,515.0,80.0,90.0,345.0,0.47058823529411764,0.6699029126213593,-29.648543689320206,0.4857142857142857,0.4666666666666667,0.39886,5517.819000000007,9552.39749999996,15282.866249999965,22487.113124999887,30468.117656249942,16937.641984719692,0.99955,0.51624,12.37888,1647.1121642490195,
MGC,420,477,320,0.67,5,476.9999999999982,1.0000000000000038,2394.6,1590.4,515.0,156.0,78.0,281.0,0.6666666666666666,0.545631067961165,27.535922330098042,0.6842105263157895,0.6610169491525424,0.47571,8449.091999999997,13216.092187499977,19704.34125000002,27634.366054687547,36097.86810937499,21274.705586319782,0.99995,0.62224,14.12996,2074.4967063390395,
MGC,420,477,205,0.43,5,476.9999999999982,1.0000000000000038,2394.6,1015.4,515.0,260.0,64.0,191.0,0.8024691358024691,0.37087378640776697,84.82718446602028,0.8584070796460177,0.7725118483412322,0.58282,12165.55200000003,17710.065000000057,25105.07671875001,34006.82203125002,42798.41268750002,26580.538684718696,1.0,0.76984,16.27858,2660.916967301651,
MGC,420,477,157,0.33,5,476.9999999999982,1.0000000000000038,2394.6,775.4,515.0,307.0,58.0,150.0,0.8410958904109589,0.2912621359223301,68.35145631067512,0.8928571428571429,0.8088888888888889,0.59082,9285.434999999736,13960.130624999703,20295.402187499676,27960.91716796828,35695.463765624394,21603.376057443507,1.0,0.82156,15.60804,2283.33162438657,
MGC,420,477,119,0.25,5,476.9999999999982,1.0000000000000038,2394.6,585.4,515.0,358.0,50.0,107.0,0.8774509803921569,0.20776699029126214,54.264077669900374,0.9112426035502958,0.8535564853556485,0.59999,6395.8432499998935,10370.127656249806,15630.329355468592,21781.17650390599,28461.514921874652,16681.27383682322,1.0,0.87402,14.90976,1918.6619566092777,
MGC,420,477,86,0.18,5,476.9999999999982,1.0000000000000038,2394.6,420.4,515.0,396.0,40.0,79.0,0.908256880733945,0.1533980582524272,30.380582524276207,0.93717277486911,0.8857142857142857,0.59201,2982.3187500001413,5879.086875000101,9885.847500000165,14654.353535156497,19700.387437500394,10735.837454380924,1.0,0.91874,14.26948,1450.2618674808068,
MGC,420,715,715,1.0,3,476.9999999999982,1.4989517819706557,2150.76,2139.24,515.0,34.0,45.0,436.0,0.43037974683544306,0.8466019417475729,-40.064854368932174,0.5,0.4266666666666667,0.41905,780.7266000000163,2971.788749999999,6379.873874999999,10996.312781249973,16184.675390624998,7657.967747561351,0.99925,0.70398,15.63332,1109.606909515444,
MGC,420,715,479,0.67,3,476.9999999999982,1.4989517819706557,2150.76,1431.24,515.0,79.0,45.0,391.0,0.6370967741935484,0.7592233009708738,-34.79883495145744,0.8947368421052632,0.5904761904761905,0.44222,1121.2019999999682,3332.4108749999714,6688.203749999999,11244.903046874937,16338.14313749993,7901.0991136437015,0.99955,0.72312,15.82474,1122.3649634510227,
MGC,420,715,307,0.43,3,476.9999999999982,1.4989517819706557,2150.76,915.24,515.0,165.0,37.0,313.0,0.8168316831683168,0.6077669902912621,2.0982524271824587,0.9555555555555556,0.7770700636942676,0.54107,2069.7983999999287,4702.259249999898,8588.76412499991,13417.88456249987,18678.585318749832,9634.677995095593,1.0,0.81386,17.03508,1325.752215549071,
MGC,420,715,236,0.33,3,476.9999999999982,1.4989517819706557,2150.76,702.24,515.0,232.0,33.0,250.0,0.8754716981132076,0.4854368932038835,32.873009708739374,0.975609756097561,0.8306010928961749,0.62785,3369.049200000093,6406.992000000032,10782.645750000103,16095.526664062645,21480.46323750021,11797.112973111763,1.0,0.88142,17.89312,1590.7169347144827,
MGC,420,715,179,0.25,3,476.9999999999982,1.4989517819706557,2150.76,531.24,515.0,284.0,27.0,204.0,0.9131832797427653,0.39611650485436894,41.6283495145609,0.9821428571428571,0.8743718592964824,0.68331,3105.373949999974,6154.04756249987,10229.45962499985,15315.296273437361,20513.26566664101,11233.648697427463,1.0,0.93,17.59188,1543.9385783923528,
MGC,420,715,129,0.18,3,476.9999999999982,1.4989517819706557,2150.76,381.24,515.0,348.0,20.0,147.0,0.9456521739130435,0.2854368932038835,48.222524271842374,0.9863945578231292,0.918552036199095,0.74688,2745.5300999999436,5411.231999999879,9205.77149999985,13677.35598632797,18523.97033027318,10036.463497066894,1.0,0.96758,17.7632,1502.0959734149599,
M2K,510,154,154,1.0,28,307.00000000000273,0.5016286644951096,2190.16,2121.84,515.0,197.0,200.0,118.0,0.49622166246851385,0.229126213592233,-34.56776699029201,0.48186528497409326,0.5098039215686274,0.41862,11082.317399999947,16310.632500000022,23904.063000000053,33008.14940625014,42797.158875000285,25759.602730096973,0.99985,0.43944,10.50062,1876.6234846743819,
M2K,510,154,103,0.67,28,307.00000000000273,0.5016286644951096,2190.16,1407.84,515.0,265.0,179.0,71.0,0.5968468468468469,0.1378640776699029,-75.752233009702,0.5981308411214953,0.5956521739130435,0.39804,7582.251600000173,11698.785000000395,17310.384000000457,24360.816375000762,31900.869900000864,18801.037211235012,0.99995,0.53152,10.27474,1557.0731071893108,
M2K,510,154,66,0.43,28,307.00000000000273,0.5016286644951096,2190.16,889.84,515.0,351.0,124.0,40.0,0.7389473684210527,0.07766990291262135,45.137087378629076,0.7510729613733905,0.7272727272727273,0.52524,10427.495399999614,15469.982718749325,22221.676968749336,30125.223843749252,38658.70816171769,23602.422556628,1.0,0.7655,12.93834,2175.385361066339,
M2K,510,154,51,0.33,28,307.00000000000273,0.5016286644951096,2190.16,679.84,515.0,382.0,108.0,25.0,0.7795918367346939,0.04854368932038835,15.261359223288752,0.7860082304526749,0.7732793522267206,0.50246,6269.854499999583,10153.4461874995,15463.932749999396,21777.24740624935,28545.659493749037,16596.45695841056,1.0,0.81562,12.44662,1722.7407871799317,
M2K,510,154,38,0.25,28,307.00000000000273,0.5016286644951096,2190.16,497.84000000000003,515.0,405.0,93.0,17.0,0.8132530120481928,0.03300970873786408,-27.064854368916205,0.8089430894308943,0.8174603174603174,0.44681,1614.0600000003392,4190.586750000407,7819.182000000481,12287.192203125864,16976.99821289183,8692.6168625245,1.0,0.86206,11.32274,1120.6112459992846,
M2K,510,154,28,0.18,28,307.00000000000273,0.5016286644951096,2190.16,357.84000000000003,515.0,427.0,76.0,12.0,0.8489065606361829,0.02330097087378641,-43.647378640759385,0.844,0.8537549407114624,0.41607,-132.58979999978905,1790.3025000006005,4469.976000000419,7770.388500000803,11385.248175000981,5148.867125981994,0.99985,0.91586,11.61712,849.1070059014908,
M2K,510,230,230,1.0,19,307.00000000000273,0.7491856677524363,2208.18,2161.82,515.0,133.0,124.0,258.0,0.5175097276264592,0.5009708737864078,-11.798446601941889,0.4954954954954955,0.5342465753424658,0.4272,8847.967500000017,13451.522624999985,20327.624999999985,28570.85100000004,37999.86730312508,22104.809939655606,0.9999,0.49568,12.04444,1872.4084020439443,
M2K,510,230,154,0.67,19,307.00000000000273,0.7491856677524363,2208.18,1439.82,515.0,212.0,116.0,187.0,0.6463414634146342,0.36310679611650487,-41.5343689320354,0.6513157894736842,0.6420454545454546,0.4182,6706.534500000071,10629.317250000076,16358.419125000155,23258.281781250233,30699.749700000364,17773.036218366196,0.99995,0.56536,11.8781,1632.736766209873,
M2K,510,230,99,0.43,19,307.00000000000273,0.7491856677524363,2208.18,917.32,515.0,295.0,103.0,117.0,0.7412060301507538,0.22718446601941747,-47.381941747567666,0.745945945945946,0.7370892018779343,0.43276,4397.43600000015,7585.891312500323,12246.59250000023,17918.096062500284,24189.0505453129,13449.226195593852,1.0,0.69838,11.73082,1371.6523331412516,
M2K,510,230,76,0.33,19,307.00000000000273,0.7491856677524363,2208.18,698.82,515.0,343.0,87.0,85.0,0.7976744186046512,0.1650485436893204,0.9850485436835388,0.803921568627451,0.7920353982300885,0.50301,4859.529299999748,8346.488624999689,13200.751124999755,19113.203039062097,25488.423435937042,14355.349287274828,1.0,0.8079,12.76316,1544.9684293079015,
M2K,510,230,58,0.25,19,307.00000000000273,0.7491856677524363,2208.18,527.82,515.0,385.0,72.0,58.0,0.8424507658643327,0.11262135922330097,16.2957281553517,0.8603603603603603,0.825531914893617,0.53283,3453.156900000519,6566.640468750452,10960.142132813171,16241.726285157081,21755.754077344875,11954.566955942764,1.0,0.8819,12.9314,1447.697362765625,
M2K,510,230,41,0.18,19,307.00000000000273,0.7491856677524363,2208.18,366.32,515.0,421.0,56.0,38.0,0.8825995807127882,0.07378640776699029,9.1199999999928,0.8888888888888888,0.8765432098765432,0.54636,1500.8156999998541,3994.1538749997508,7490.29162499975,11752.119281249616,16110.04566445257,8296.946742116941,1.0,0.9351,13.15296,1207.8001280806143,
M2K,510,307,307,1.0,14,307.00000000000273,0.9999999999999911,2166.08,2131.92,515.0,76.0,74.0,365.0,0.5066666666666667,0.7087378640776699,-11.928543689320223,0.5555555555555556,0.47126436781609193,0.43896,5339.854799999955,9117.155249999967,14589.41399999994,21607.707515624894,29295.793124999942,16231.422879812057,0.9999,0.58786,14.24392,1713.861594607758,
M2K,510,307,206,0.67,14,307.00000000000273,0.9999999999999911,2166.08,1424.92,515.0,158.0,71.0,286.0,0.6899563318777293,0.5553398058252427,-11.751844660194417,0.7171717171717171,0.6692307692307692,0.45815,5289.684749999991,8842.876874999924,14031.40724999992,20405.014874999877,27545.43349687486,15418.900188511228,0.99995,0.64036,14.38488,1666.3398505527746,
M2K,510,307,132,0.43,14,307.00000000000273,0.9999999999999911,2166.08,906.92,515.0,245.0,66.0,204.0,0.7877813504823151,0.39611650485436894,-35.89165048544047,0.8142857142857143,0.7660818713450293,0.45347,2964.943799999839,5768.405999999806,9655.710749999776,14717.272499999732,20283.116076562022,10828.942178383639,1.0,0.72946,13.20174,1255.216338821585,
M2K,510,307,101,0.33,14,307.00000000000273,0.9999999999999911,2166.08,689.92,515.0,295.0,61.0,159.0,0.8286516853932584,0.3087378640776699,-42.03533980582717,0.8580246913580247,0.8041237113402062,0.44799,1554.0839999999816,3868.0031249999593,7225.580249999895,11513.98237499985,16287.223837499761,8231.06651578899,1.0,0.79156,12.7325,1050.8249688567073,
M2K,510,307,77,0.25,14,307.00000000000273,0.9999999999999911,2166.08,521.92,515.0,346.0,53.0,116.0,0.8671679197994987,0.22524271844660193,-1.5168932038899001,0.8870967741935484,0.8497652582159625,0.52911,1869.713999999844,4468.7789999997485,8080.5138749997095,12656.25210937457,17445.171220311917,9046.12211836468,1.0,0.88132,13.40934,1190.258079604034,
M2K,510,307,55,0.18,14,307.00000000000273,0.9999999999999911,2166.08,367.92,515.0,394.0,46.0,75.0,0.8954545454545455,0.14563106796116504,-8.761553398057096,0.9112149532710281,0.8805309734513275,0.51798,530.8254000000098,2574.2508750000147,5470.187625,9075.116162109385,13090.776595312536,6235.083835225686,1.0,0.9302,12.95762,964.4218325749608,
M2K,510,461,461,1.0,9,307.00000000000273,1.5016286644951007,2085.48,2063.52,515.0,26.0,30.0,459.0,0.4642857142857143,0.8912621359223301,-25.46737864077678,0.5238095238095238,0.42857142857142855,0.45672,1019.5389000000084,3270.4458750000204,6713.360999999998,11325.344062499988,16492.26318749997,7913.188201075034,0.9994,0.727,16.93756,1162.3294008309133,
M2K,510,461,309,0.67,9,307.00000000000273,1.5016286644951007,2085.48,1379.52,515.0,76.0,29.0,410.0,0.7238095238095238,0.7961165048543689,-21.841165048542834,0.7954545454545454,0.6721311475409836,0.47876,1098.181800000009,3341.204437500027,6725.511000000017,11222.069062500077,16096.841437500065,7872.491544409023,0.99995,0.7528,16.98004,1146.482921224737,
M2K,510,461,198,0.43,9,307.00000000000273,1.5016286644951007,2085.48,880.02,515.0,166.0,28.0,321.0,0.8556701030927835,0.6233009708737864,-22.347961165046062,0.9058823529411765,0.8165137614678899,0.50327,778.4019000000552,2880.6131250000335,6022.937250000128,10044.039234375177,14363.77151250019,6944.279574899845,0.9999,0.80062,16.16396,1008.2572839770032,
M2K,510,461,152,0.33,9,307.00000000000273,1.5016286644951007,2085.48,673.02,515.0,217.0,25.0,273.0,0.8966942148760331,0.5300970873786408,-31.042135922332857,0.9351851851851852,0.8656716417910447,0.4988,32.78069999995413,1811.1397499998807,4399.0998749998835,7800.970781249865,11519.066953124728,5217.272006224632,1.0,0.84062,15.1843,802.4905542589242,
M2K,510,461,115,0.25,9,307.00000000000273,1.5016286644951007,2085.48,506.52,515.0,265.0,23.0,227.0,0.9201388888888888,0.4407766990291262,-46.43825242718408,0.9541984732824428,0.89171974522293,0.46525,-911.7623249999878,544.7857499999952,2553.697125000015,5141.262375000023,8016.482482031253,3148.710337587011,1.0,0.87956,13.77874,543.681041014634,
M2K,510,461,83,0.18,9,307.00000000000273,1.5016286644951007,2085.48,362.52,515.0,336.0,22.0,157.0,0.9385474860335196,0.3048543689320388,-16.152815533975563,0.963855421686747,0.9166666666666666,0.55169,-512.5112999999293,1106.8245000000966,3296.51775000016,6033.054656250246,9099.823563281549,3884.352850946376,1.0,0.94416,13.89002,674.7281397541916,
MCL,510,64,64,1.0,30,128.0000000000001,0.49999999999999956,1965.6,1874.4,516.0,197.0,201.0,118.0,0.4949748743718593,0.22868217054263565,-73.85581395348852,0.4975369458128079,0.49230769230769234,0.40931,7567.9919999999975,11786.647500000003,17703.359999999957,25055.65687500004,33323.33700000001,19333.916598445325,0.99985,0.45378,10.49878,1499.0626787203132,
MCL,510,64,43,0.67,30,128.0000000000001,0.49999999999999956,1965.6,1244.4,516.0,264.0,178.0,74.0,0.5972850678733032,0.1434108527131783,-84.26279069766805,0.6052631578947368,0.5887850467289719,0.37862,4876.740000000169,8222.76562500023,12897.157500000314,18934.846875000338,25345.89056250061,14240.37986946198,0.99985,0.55286,10.42576,1311.8077744514933,
MCL,510,64,28,0.43,30,128.0000000000001,0.49999999999999956,1965.6,794.4,516.0,341.0,141.0,34.0,0.7074688796680498,0.06589147286821706,-41.704651162789105,0.7024793388429752,0.7125,0.44461,3893.5080000000476,7047.135000000039,11519.0100000001,16933.60687500013,22678.30237500013,12580.438147427674,1.0,0.74394,11.19658,1286.2208075120823,
MCL,510,64,21,0.33,30,128.0000000000001,0.49999999999999956,1965.6,584.4,516.0,377.0,119.0,20.0,0.7600806451612904,0.03875968992248062,-52.80930232559031,0.75,0.7701612903225806,0.41831,1662.099749999764,4112.3699999998325,7576.427812499606,11851.45171874957,16483.44747656185,8487.195822271844,1.0,0.80702,11.20234,1035.7198235049632,
MCL,510,64,16,0.25,30,128.0000000000001,0.49999999999999956,1965.6,434.4,516.0,404.0,99.0,13.0,0.8031809145129225,0.025193798449612403,-57.2279069767525,0.8063241106719368,0.8,0.40364,11.879999999879855,1930.4999999998458,4492.698749999684,7796.937656249675,11432.92049999951,5247.907031914118,0.9998,0.86216,10.555,755.3857736549522,
MCL,510,64,12,0.18,30,128.0000000000001,0.49999999999999956,1965.6,314.4,516.0,423.0,82.0,11.0,0.8376237623762376,0.02131782945736434,-73.79767441859933,0.8385826771653543,0.8366533864541833,0.34189,-891.0539999999544,432.9450000001586,2227.2300000001424,4581.693281250184,7161.763500000238,2762.7328748651303,0.9996,0.90282,10.8375,553.5256491562782,
MCL,510,96,96,1.0,23,128.0000000000001,0.7499999999999993,2242.96,2173.04,516.0,136.0,147.0,233.0,0.48056537102473496,0.45155038759689925,-97.31852713178262,0.46715328467153283,0.4931506849315068,0.36076,5290.878599999962,8981.936999999922,14309.095499999941,21213.299249999964,28732.781474999883,15946.054781958914,0.9984,0.41488,10.3179,1370.4787077482754,
MCL,510,96,64,0.67,23,128.0000000000001,0.7499999999999993,2242.96,1437.04,516.0,206.0,133.0,177.0,0.6076696165191741,0.3430232558139535,-129.72356589146924,0.5930232558139535,0.6227544910179641,0.34342,3396.3318000000336,6153.903000000017,10235.580750000081,15624.618750000103,21574.709550000065,11566.759542859492,0.99885,0.49574,10.37092,1133.4562443251436,
MCL,510,96,41,0.43,23,128.0000000000001,0.7499999999999993,2242.96,908.04,516.0,293.0,113.0,110.0,0.7216748768472906,0.2131782945736434,-102.84565891473049,0.7183098591549296,0.7253886010362695,0.37935,2640.0158999999608,5230.2172499999,8959.994999999853,13656.553312499766,18840.208499999782,10012.253296068973,0.9999,0.65122,10.77488,1060.2318556089692,
MCL,510,96,32,0.33,23,128.0000000000001,0.7499999999999993,2242.96,701.04,516.0,338.0,100.0,78.0,0.771689497716895,0.1511627906976744,-84.43674418605099,0.7477477477477478,0.7962962962962963,0.3893,1773.7829999999046,4174.154999999852,7663.398749999811,11974.406624999734,16610.202674999637,8576.842601854609,1.0,0.74042,10.82888,997.361961247303,
MCL,510,96,24,0.25,23,128.0000000000001,0.7499999999999993,2242.96,517.04,516.0,371.0,86.0,59.0,0.811816192560175,0.11434108527131782,-86.39798449612664,0.7903930131004366,0.8333333333333334,0.3623,-33.76169999998876,1846.905749999944,4495.2119999999295,7883.892562499865,11638.916549999805,5261.6464111873,0.99985,0.81644,10.59902,757.4805663221595,
MCL,510,96,17,0.18,23,128.0000000000001,0.7499999999999993,2242.96,356.04,516.0,408.0,70.0,38.0,0.8535564853556485,0.07364341085271318,-86.17511627906511,0.8388429752066116,0.8686440677966102,0.32606,-1060.1504999999263,384.6060000000398,2353.693500000062,4958.710875000132,7827.398381250176,2951.632504297776,0.9995,0.88702,10.76538,572.201721329598,
MCL,510,128,128,1.0,17,128.0000000000001,0.9999999999999991,2201.84,2150.16,516.0,89.0,94.0,333.0,0.48633879781420764,0.6453488372093024,-54.00860465116273,0.4794520547945205,0.4909090909090909,0.3955,4367.2166999999945,7825.567499999985,12852.020249999961,19539.838124999995,26856.34830000006,14504.164105320271,0.99945,0.5283,12.60104,1470.9202010492,
MCL,510,128,86,0.67,17,128.0000000000001,0.9999999999999991,2201.84,1436.16,516.0,162.0,90.0,264.0,0.6428571428571429,0.5116279069767442,-63.002790697674975,0.6607142857142857,0.6285714285714286,0.40023,3760.8624000000104,6783.981749999973,11326.016249999964,17193.65231249999,23667.944850000003,12716.661537675416,0.9996,0.58268,12.56088,1349.851638541726,
MCL,510,128,55,0.43,17,128.0000000000001,0.9999999999999991,2201.84,909.16,516.0,249.0,71.0,196.0,0.778125,0.3798449612403101,-50.74697674418853,0.7908496732026143,0.7664670658682635,0.43315,2445.6437999999384,5129.095499999893,8950.461749999886,13733.968499999857,18969.454462499827,10000.946779566824,1.0,0.70974,12.8729,1170.159304309461,
MCL,510,128,42,0.33,17,128.0000000000001,0.9999999999999991,2201.84,688.16,516.0,300.0,65.0,151.0,0.821917808219178,0.2926356589147287,-47.155891472866735,0.850828729281768,0.7934782608695652,0.43798,1430.0527500000276,3679.707375000049,7100.041500000067,11340.38868750006,16002.211668750106,8036.963018837215,0.9999,0.7858,12.54408,1020.8547394834663,
MCL,510,128,32,0.25,17,128.0000000000001,0.9999999999999991,2201.84,518.16,516.0,350.0,59.0,107.0,0.8557457212713936,0.20736434108527133,-45.80511627907527,0.8673469387755102,0.8450704225352113,0.43846,418.8221999998871,2534.9804999998064,5434.636499999827,9126.42489843718,13059.871896093373,6233.570332354909,1.0,0.84822,11.92802,869.7463448796739,
MCL,510,128,23,0.18,17,128.0000000000001,0.9999999999999991,2201.84,365.16,516.0,386.0,51.0,79.0,0.8832951945080092,0.15310077519379844,-61.84968992247865,0.8909952606635071,0.8761061946902655,0.38998,-916.6382999999636,601.232625000019,2717.3373750000783,5403.8117812500905,8251.819284375137,3280.9957486733906,0.9998,0.89992,11.38404,590.1392798214371,
MCL,510,192,192,1.0,11,128.0000000000001,1.4999999999999987,2128.72,2095.28,516.0,43.0,48.0,425.0,0.4725274725274725,0.8236434108527132,-49.25100775193794,0.42857142857142855,0.4857142857142857,0.40529,1230.2730000000047,3529.5975000000176,6967.694250000013,11746.241718749989,17120.596556250042,8287.047481299613,0.99945,0.65256,15.20426,1136.5113185006844,
MCL,510,192,129,0.67,11,128.0000000000001,1.4999999999999987,2128.72,1402.28,516.0,93.0,45.0,378.0,0.6739130434782609,0.7325581395348837,-37.398294573642445,0.75,0.6382978723404256,0.43929,1466.3484000000544,3803.255156250022,7324.119000000064,12057.667875000032,17442.342843750077,8571.964324444132,0.99965,0.69774,15.58072,1170.2776546712619,
MCL,510,192,83,0.43,11,128.0000000000001,1.4999999999999987,2128.72,896.28,516.0,175.0,42.0,299.0,0.8064516129032258,0.5794573643410853,-51.020387596899965,0.8764044943820225,0.7578125,0.43537,530.2043999999814,2416.688999999992,5336.5702499999725,9244.991249999957,13478.61239999994,6323.018344587785,0.99965,0.74594,14.74732,908.3321704387527,
MCL,510,192,63,0.33,11,128.0000000000001,1.4999999999999987,2128.72,676.28,516.0,227.0,34.0,255.0,0.8697318007662835,0.4941860465116279,-53.68511627907116,0.9316239316239316,0.8194444444444444,0.43981,-229.78890000002767,1380.530249999959,3718.204874999954,6874.943624999942,10372.65569999995,4529.178204721227,0.9998,0.80404,14.28912,705.456710840541,
MCL,510,192,48,0.25,11,128.0000000000001,1.4999999999999987,2128.72,511.28,516.0,275.0,29.0,212.0,0.9046052631578947,0.4108527131782946,-41.64054263565782,0.9444444444444444,0.86875,0.47043,-670.645799999971,937.3320000000405,3160.4017500000336,5991.183000000049,9140.766525000045,3810.8763909776894,1.0,0.87696,13.8413,630.3808749336863,
MCL,510,192,35,0.18,11,128.0000000000001,1.4999999999999987,2128.72,368.28,516.0,346.0,24.0,146.0,0.9351351351351351,0.28294573643410853,-17.42348837209568,0.9597701149425287,0.9132653061224489,0.54529,-491.69340000005064,1163.6707499999707,3450.0757499999027,6275.948765624876,9368.54812265608,4049.0700344688303,1.0,0.94058,13.69708,691.3539392928042,
M6E,510,20,20,1.0,50,39.00000000000014,0.512820512820511,1300.0,1200.0,517.0,186.0,207.0,124.0,0.4732824427480916,0.23984526112185686,-102.94970986460275,0.4772727272727273,0.4682080924855491,0.37997,905.6250000000733,2716.8749999999036,5490.000000000012,9242.22656250005,13346.85937500005,6495.962161926303,0.99925,0.6064,12.52402,798.9146531982462,
M6E,510,20,13,0.67,50,39.00000000000014,0.512820512820511,1300.0,762.5,517.0,261.0,183.0,73.0,0.5878378378378378,0.14119922630560927,-98.71856866535195,0.5840336134453782,0.5922330097087378,0.3886,-450.2812499996791,1091.25000000022,3248.4375000007267,6186.09375000123,9514.47656250151,4016.8011450814797,0.9997,0.74084,11.64942,545.9599716065693,
M6E,510,20,9,0.43,50,39.00000000000014,0.512820512820511,1300.0,512.5,517.0,322.0,148.0,47.0,0.6851063829787234,0.09090909090909091,-73.33172147005781,0.6571428571428571,0.7155555555555555,0.41581,-1260.0000000009386,202.49999999924978,2138.5546874987817,4629.9902343736685,7389.3076171853745,2692.398164885245,0.99955,0.85834,11.1627,414.2574447690972,
M6E,510,20,7,0.33,50,39.00000000000014,0.512820512820511,1300.0,387.5,517.0,360.0,125.0,32.0,0.7422680412371134,0.061895551257253385,-61.484526112219314,0.7028112449799196,0.7838983050847458,0.42476,-1513.687500000533,-194.0625000007909,1572.187499999311,3764.531249998632,6101.964843748863,2011.3783504648131,0.9998,0.91858,11.17508,355.3060038229191,
M6E,510,20,5,0.25,50,39.00000000000014,0.512820512820511,1300.0,262.5,517.0,400.0,99.0,18.0,0.8016032064128257,0.03481624758220503,-56.528046421690355,0.7707509881422925,0.8333333333333334,0.40103,-1569.3750000004918,-562.5000000003118,766.4062499994799,2360.1269531241237,4142.953124999342,1077.3155589746418,0.99935,0.9601,10.70742,249.71158514314618,
M6E,510,20,4,0.18,50,39.00000000000014,0.512820512820511,1300.0,200.0,517.0,414.0,89.0,14.0,0.8230616302186878,0.027079303675048357,-72.24371373309795,0.7984189723320159,0.848,0.28307,-1440.0000000001262,-708.7500000001564,179.99999999981316,1147.4999999997203,2362.499999999675,348.45521237152536,0.98295,0.96728,10.41256,122.60525399769688,
M6E,510,29,29,1.0,50,39.00000000000014,0.7435897435897408,1862.5,1762.5,517.0,133.0,141.0,243.0,0.4854014598540146,0.4700193423597679,-88.92649903288094,0.48214285714285715,0.49056603773584906,0.37084,3180.9375000000605,5979.374999999734,10127.812499999587,15408.2812499996,21317.308593749687,11445.826696105594,0.9989,0.51162,11.87566,1190.273416699181,
M6E,510,29,19,0.67,50,39.00000000000014,0.7435897435897408,1862.5,1137.5,517.0,209.0,135.0,173.0,0.6075581395348837,0.3346228239845261,-123.50096711796851,0.5980392156862745,0.6214285714285714,0.34774,1400.625000000222,3377.81250000035,6435.703125000098,10411.3476562506,14944.218750000307,7476.056313560914,0.9988,0.5814,11.36264,874.7997749176526,
M6E,510,29,12,0.43,50,39.00000000000014,0.7435897435897408,1862.5,700.0,517.0,293.0,116.0,108.0,0.7163814180929096,0.20889748549323017,-109.84042553186912,0.6929824561403509,0.7458563535911602,0.35501,0.0,1636.1718750006505,4111.875000001048,7353.281250001716,10973.179687501304,4902.767919526477,0.9996,0.72828,10.8935,662.9622300660977,
M6E,510,29,10,0.33,50,39.00000000000014,0.7435897435897408,1862.5,575.0,517.0,326.0,102.0,89.0,0.7616822429906542,0.172147001934236,-85.05802707933441,0.7339055793991416,0.7948717948717948,0.37974,-320.6250000002912,1386.2109374989232,3834.843749998402,7052.343749998527,10586.373046873681,4600.082888785035,0.99955,0.80106,11.1497,660.4292884321275,
M6E,510,29,7,0.25,50,39.00000000000014,0.7435897435897408,1862.5,387.5,517.0,385.0,80.0,52.0,0.8279569892473119,0.10058027079303675,-50.12088974857481,0.7959183673469388,0.8636363636363636,0.41972,-663.75000000037,934.8046874990921,3130.3124999990723,5987.2851562487085,9046.089843748543,3765.0549662351305,0.99995,0.89718,11.27684,629.3408133840817,
M6E,510,29,5,0.18,50,39.00000000000014,0.7435897435897408,1862.5,262.5,517.0,420.0,65.0,32.0,0.865979381443299,0.061895551257253385,-57.97872340427512,0.8366533864541833,0.8974358974358975,0.35928,-1378.125000000165,-295.4882812505,1153.1249999997613,3094.4531249992538,5280.011718749074,1612.0839095101219,0.9988,0.9352,10.11608,372.12869039943797,
M6E,510,39,39,1.0,45,39.00000000000014,0.9999999999999963,2238.75,2148.75,517.0,76.0,86.0,355.0,0.4691358024691358,0.6866537717601547,-88.08510638297855,0.4854368932038835,0.4406779661016949,0.3586,2829.4312499997004,5560.523437500149,9668.109375000111,15023.601562500446,21032.289843749983,11064.818534436086,0.99855,0.5132,12.17214,1222.8030662915098,
M6E,510,39,26,0.67,45,39.00000000000014,0.9999999999999963,2238.75,1417.5,517.0,154.0,82.0,281.0,0.652542372881356,0.5435203094777563,-93.08994197293234,0.6486486486486487,0.6590909090909091,0.36569,2333.8124999997844,4819.499999999898,8496.140624999449,13223.566406249534,18771.370312499294,9712.623846340477,0.9991,0.56922,12.12286,1107.0838372191852,
M6E,510,39,17,0.43,45,39.00000000000014,0.9999999999999963,2238.75,911.25,517.0,241.0,79.0,197.0,0.753125,0.38104448742746616,-107.34284332687754,0.7311827956989247,0.7835820895522388,0.35716,1088.4375000001817,3062.8125000001437,6034.500000000111,9793.722656250247,14215.674023438032,6960.347483423209,0.99955,0.65506,11.69948,875.149710133712,
M6E,510,39,13,0.33,45,39.00000000000014,0.9999999999999963,2238.75,686.25,517.0,285.0,71.0,161.0,0.800561797752809,0.3114119922630561,-109.08365570597232,0.7794117647058824,0.8289473684210527,0.34385,-51.131249999829805,1592.15625000065,3963.937500001206,7110.597656251148,10682.112304688757,4760.877384664064,0.99945,0.73058,11.18718,682.6695650971445,
M6E,510,39,10,0.25,45,39.00000000000014,0.9999999999999963,2238.75,517.5,517.0,330.0,60.0,127.0,0.8461538461538461,0.24564796905222436,-83.40667311415939,0.8160377358490566,0.8820224719101124,0.36855,-531.5625000005226,1075.4648437486771,3343.7812499990387,6332.000976560957,9652.02011718512,4063.087982217282,0.99955,0.81892,11.34738,641.2588172078987,
M6E,510,39,7,0.18,45,39.00000000000014,0.9999999999999963,2238.75,348.75,517.0,392.0,43.0,82.0,0.9011494252873563,0.15860735009671179,-35.31673114123142,0.8733624454148472,0.9320388349514563,0.4553,-374.75156250067056,1344.093749999411,3687.398437498957,6714.45703124838,9894.31611327956,4311.052359068769,1.0,0.91994,12.23024,734.9147693684092,
M6E,510,59,59,1.0,30,39.00000000000014,1.5128205128205072,2242.5,2182.5,517.0,29.0,31.0,457.0,0.48333333333333334,0.8839458413926499,-43.99903288201183,0.47619047619047616,0.5,0.41557,910.9124999998357,3135.375000000021,6470.085937500096,11019.585937500018,16357.66523437485,7729.0771069610655,0.99915,0.67846,15.85138,1112.1122053015147,
M6E,510,59,40,0.67,30,39.00000000000014,1.5128205128205072,2242.5,1470.0,517.0,77.0,31.0,409.0,0.7129629629629629,0.7911025145067698,-42.69342359767927,0.6986301369863014,0.7428571428571429,0.43247,992.2500000000164,3084.750000000034,6361.874999999987,10604.302734374927,15440.435156250152,7442.998002713007,0.9995,0.70222,15.73398,1061.2391603247065,
M6E,510,59,25,0.43,30,39.00000000000014,1.5128205128205072,2242.5,907.5,517.0,171.0,28.0,318.0,0.8592964824120602,0.6150870406189555,-37.47098646035491,0.84251968503937,0.8888888888888888,0.46703,580.4999999998417,2662.4531249997003,5613.4687499997,9430.066406249494,13872.82148437446,6577.990036995178,0.99985,0.77396,15.42226,954.6547659074693,
M6E,510,59,19,0.33,30,39.00000000000014,1.5128205128205072,2242.5,682.5,517.0,220.0,28.0,269.0,0.8870967741935484,0.5203094777562862,-63.510638297870116,0.8666666666666667,0.9183673469387755,0.42027,-523.1249999999131,987.1875000000747,3201.8203125000946,6107.167968750144,9425.995312500423,3946.521549267289,0.9995,0.79518,14.1332,637.2661358894499,
M6E,510,59,15,0.25,30,39.00000000000014,1.5128205128205072,2242.5,532.5,517.0,270.0,27.0,220.0,0.9090909090909091,0.425531914893617,-55.45938104447636,0.8908045977011494,0.9349593495934959,0.44062,-779.6249999997847,795.6562500005621,2906.2968750003247,5742.140625000673,8776.265625000478,3577.095052075617,0.9997,0.85222,13.573,588.4228172956026,
M6E,510,59,11,0.18,30,39.00000000000014,1.5128205128205072,2242.5,382.5,517.0,317.0,24.0,176.0,0.9296187683284457,0.3404255319148936,-61.11702127657298,0.9114583333333334,0.9530201342281879,0.40964,-1333.12499999948,-74.2499999994858,1587.5156250005061,3696.1523437505357,6103.1496093761425,2058.0937114855897,0.9995,0.90312,12.61688,402.65882810293414,
M6E,540,17,17,1.0,50,34.000000000000696,0.4999999999999898,1112.5,1012.5,517.0,203.0,195.0,119.0,0.5100502512562815,0.23017408123791103,-24.250483558995697,0.5345622119815668,0.48066298342541436,0.51168,1945.9687499998922,4370.62500000018,8026.171874999938,12564.492187500171,17590.139648437682,9048.842909912228,1.0,0.75414,14.87398,1089.5553647506858,
M6E,540,17,11,0.67,50,34.000000000000696,0.4999999999999898,1112.5,637.5,517.0,289.0,161.0,67.0,0.6422222222222222,0.12959381044487428,-1.7649903287926096,0.6708860759493671,0.6103286384976526,0.60043,1120.0078125013915,3467.4609375008486,6697.265625001794,10763.437500002217,15135.29296875266,7555.777389874843,1.0,0.89018,14.22196,950.5077742204405,
M6E,540,17,7,0.43,50,34.000000000000696,0.4999999999999898,1112.5,387.5,517.0,371.0,119.0,27.0,0.7571428571428571,0.05222437137330754,8.994197292029359,0.7768924302788844,0.7364016736401674,0.67,203.90624999865406,2194.804687498899,4826.249999998398,8113.35937499822,11628.483398434648,5478.383618004746,1.0,0.9675,13.39498,780.482653019879,
M6E,540,17,6,0.33,50,34.000000000000696,0.4999999999999898,1112.5,325.0,517.0,386.0,108.0,23.0,0.7813765182186235,0.04448742746615087,-1.8858800774056077,0.8023715415019763,0.7593360995850622,0.64785,-331.8750000008739,1375.3124999989695,3553.5937499989204,6264.052734373455,9205.400390623272,4096.893330830631,1.0,0.97406,12.98884,644.6761861471348,
M6E,540,17,4,0.25,50,34.000000000000696,0.4999999999999898,1112.5,200.0,517.0,421.0,82.0,14.0,0.8369781312127237,0.027079303675048357,-20.261121856893414,0.8431372549019608,0.8306451612903226,0.56479,-1102.5000000004884,-68.20312500047486,1220.6249999995025,2795.6249999992397,4592.812499999073,1540.9003451995986,0.9998,0.99138,11.83728,357.81483642671674,
M6E,540,17,3,0.18,50,34.000000000000696,,,,,,,,,,,,,,,,,,,,,,,,TP$<150
M6E,540,26,26,1.0,50,34.000000000000696,0.7647058823529255,1675.0,1575.0,517.0,129.0,130.0,258.0,0.4980694980694981,0.4990328820116054,-29.56963249516586,0.5263157894736842,0.45794392523364486,0.44301,4168.12500000009,7346.249999999913,11908.828124999816,17880.820312499207,24571.406249999152,13345.247380479448,0.99985,0.62032,13.93504,1446.9947449893557,
M6E,540,26,17,0.67,50,34.000000000000696,0.7647058823529255,1675.0,1012.5,517.0,218.0,123.0,176.0,0.6392961876832844,0.3404255319148936,-55.19825918760399,0.6461538461538462,0.6301369863013698,0.43299,2171.2500000002397,4592.812500000546,8139.023437500726,12629.882812500728,17568.632812500724,9151.804585087424,0.99995,0.6899,12.9536,1071.1747230606784,
M6E,540,26,11,0.43,50,34.000000000000696,0.7647058823529255,1675.0,637.5,517.0,309.0,101.0,107.0,0.7536585365853659,0.20696324951644102,-22.558027079258625,0.7566371681415929,0.75,0.50043,1386.2812500012972,3800.7421875014556,7173.193359377314,11282.519531252134,15725.531250003105,8038.484314551187,1.0,0.8373,12.85376,1011.1524987760001,
M6E,540,26,9,0.33,50,34.000000000000696,0.7647058823529255,1675.0,512.5,517.0,351.0,89.0,77.0,0.7977272727272727,0.14893617021276595,-5.029013539686831,0.803347280334728,0.7910447761194029,0.5394,1296.5624999991219,3699.843749998495,7071.328124998192,11240.332031248281,15717.023437497171,7903.177583534229,1.0,0.88438,13.05478,1033.003315650307,
M6E,540,26,6,0.25,50,34.000000000000696,0.7647058823529255,1675.0,325.0,517.0,404.0,68.0,45.0,0.8559322033898306,0.08704061895551257,-11.677949709891935,0.8554216867469879,0.8565022421524664,0.54215,-168.7500000005225,1631.2499999991728,4014.3164062487626,7064.999999998616,10389.880371091991,4649.73354648281,1.0,0.94856,12.57706,763.9042393984276,
M6E,540,26,5,0.18,50,34.000000000000696,0.7647058823529255,1675.0,262.5,517.0,422.0,61.0,34.0,0.8737060041407867,0.06576402321083172,-18.44777562865082,0.868,0.8798283261802575,0.5116,-575.1562500005454,857.460937499442,2783.6718749992406,5229.316406249094,7820.305664061172,3288.0357862521096,1.0,0.96428,12.46844,647.2016735944479,
M6E,540,34,34,1.0,50,34.000000000000696,0.9999999999999796,2175.0,2075.0,517.0,81.0,82.0,354.0,0.49693251533742333,0.6847195357833655,-21.107350096713894,0.5327102803738317,0.42857142857142855,0.43008,5096.2499999999045,8763.750000000084,14054.062500000346,20910.541992187365,28213.24218750065,15653.272444519193,0.99975,0.57872,13.9396,1647.965721917741,
M6E,540,34,23,0.67,50,34.000000000000696,0.9999999999999796,2175.0,1387.5,517.0,166.0,79.0,272.0,0.6775510204081633,0.5261121856866537,-22.074468085121243,0.6862745098039216,0.6630434782608695,0.447,4941.281249999524,8349.60937499945,13216.6406249993,19302.20947265558,26051.378906249094,14576.025805474612,0.99985,0.63268,14.083,1575.998476013879,
M6E,540,34,15,0.43,50,34.000000000000696,0.9999999999999796,2175.0,887.5,517.0,250.0,73.0,194.0,0.7739938080495357,0.37524177949709864,-41.900386847186574,0.7619047619047619,0.7910447761194029,0.44437,2674.687500000341,5371.875000000327,9093.515625000618,14013.852539063078,19294.699218751084,10244.104372631475,1.0,0.72576,13.20646,1213.533206224613,
M6E,540,34,11,0.33,50,34.000000000000696,0.9999999999999796,2175.0,637.5,517.0,311.0,61.0,145.0,0.8360215053763441,0.2804642166344294,-18.205996131496047,0.8238095238095238,0.8518518518518519,0.4917,2168.1562500006803,4761.5625000009195,8379.843750001597,12855.80566406481,17840.05664062791,9357.14034250154,1.0,0.82594,13.27908,1178.4265492454895,
M6E,540,34,8,0.25,50,34.000000000000696,0.9999999999999796,2175.0,450.0,517.0,368.0,51.0,98.0,0.8782816229116945,0.1895551257253385,-7.084139265033685,0.8558951965065502,0.9052631578947369,0.51959,1079.9999999992874,3391.874999998739,6685.664062497946,10674.931640622826,14898.04541015342,7468.542978121637,0.99995,0.90108,13.15802,1056.4793706393539,
M6E,540,34,6,0.18,50,34.000000000000696,0.9999999999999796,2175.0,325.0,517.0,408.0,40.0,69.0,0.9107142857142857,0.13346228239845262,-7.567698259223701,0.8921161825726142,0.9323671497584541,0.52999,281.24999999911427,2233.124999999568,4894.101562498812,8137.792968748234,11626.947509763739,5529.833429668687,1.0,0.94428,13.15252,914.1107517838051,
M6E,540,51,51,1.0,34,34.000000000000696,1.4999999999999694,2201.5,2133.5,517.0,33.0,28.0,456.0,0.5409836065573771,0.8820116054158608,-11.064796905222972,0.6097560975609756,0.4,0.47564,1891.2712499999946,4486.725000000124,8595.492187500238,13922.282812499998,19715.173593750234,9913.496663251037,0.9999,0.73078,17.17534,1376.1186795451918,
M6E,540,51,34,0.67,34,34.000000000000696,1.4999999999999694,2201.5,1411.0,517.0,81.0,28.0,408.0,0.7431192660550459,0.7891682785299806,-17.970019342358263,0.7808219178082192,0.6666666666666666,0.47957,1709.775000000385,4138.530468749887,7751.84062499995,12497.470312499989,17974.020893554865,8973.46232064944,0.99995,0.74514,16.77878,1253.2798718465217,
M6E,540,51,22,0.43,34,34.000000000000696,1.4999999999999694,2201.5,901.0,517.0,173.0,27.0,317.0,0.865,0.6131528046421664,-23.88878143134028,0.8699186991869918,0.8571428571428571,0.49788,1208.5087499996584,3335.399999999694,6515.409374999607,10698.764062499817,15175.830937500132,7546.822152513418,0.99995,0.78882,16.2161,1069.536062344448,
M6E,540,51,17,0.33,34,34.000000000000696,1.4999999999999694,2201.5,688.5,517.0,223.0,26.0,268.0,0.8955823293172691,0.5183752417794971,-34.57543520309147,0.891156462585034,0.9019607843137255,0.48667,183.60000000012104,2084.3859375001375,4758.300000000222,8206.298437500365,12091.78125000039,5584.769683202229,0.99995,0.82852,14.89394,834.4805425630047,
M6E,540,51,13,0.25,34,34.000000000000696,1.4999999999999694,2201.5,518.5,517.0,278.0,22.0,217.0,0.9266666666666666,0.4197292069632495,-21.093810444858704,0.9190751445086706,0.937007874015748,0.53,-47.812499999583466,1820.700000000381,4433.175000000601,7722.914062500973,11413.752187501328,5165.153806488606,1.0,0.89232,14.57198,796.6418068257327,
M6E,540,51,9,0.18,34,34.000000000000696,1.4999999999999694,2201.5,348.5,517.0,360.0,16.0,141.0,0.9574468085106383,0.2727272727272727,8.006769825888519,0.9523809523809523,0.963855421686747,0.63255,399.52124999920375,2350.46249999916,5059.757812498728,8317.103906248145,11876.902910153978,5703.148094635382,1.0,0.95802,14.84056,921.0021304023019,
ZN,510,10,10,1.0,5,19.0,0.5263157894736842,794.35,768.15,517.0,185.0,217.0,115.0,0.4601990049751244,0.22243713733075435,-66.14037717601546,0.463302752293578,0.45652173913043476,0.44956,-1361.8687499999994,-149.8485937499995,1439.161875,3648.507890625,6208.745203125005,2020.5212886562504,0.9995,0.8046,14.8504,339.14795369501957,
ZN,510,10,7,0.67,5,19.0,0.5263157894736842,794.35,533.775,517.0,242.0,197.0,78.0,0.55125284738041,0.15087040618955513,-65.0825918762089,0.5517241379310345,0.5507246376811594,0.45958,-1976.1412499999997,-776.7393750000005,637.3870312500001,2423.443359375,4478.554125000001,1003.5773197218018,0.99965,0.88884,13.3397,179.92342426157228,
ZN,510,10,4,0.43,5,19.0,0.5263157894736842,794.35,299.4,517.0,328.0,156.0,33.0,0.6776859504132231,0.06382978723404255,-62.96702127659575,0.6842105263157895,0.6708860759493671,0.42301,-1993.6125,-1084.5900000000001,-65.27250000000005,1063.7071875000001,2392.0762499999996,90.21382621092212,0.99855,0.96678,11.22586,20.680646027288795,
ZN,510,10,3,0.33,5,19.0,0.5263157894736842,794.35,221.275,517.0,379.0,123.0,15.0,0.7549800796812749,0.029013539651837523,-35.16237911025144,0.746031746031746,0.764,0.54854,-1484.0606249999998,-657.2475,344.5987499999999,1487.176875,2864.800406250001,529.861456022072,0.9998,0.9907,10.76072,122.8952943559754,
ZN,510,10,2,0.25,5,19.0,,,,,,,,,,,,,,,,,,,,,,,,TP$<150
ZN,510,14,14,1.0,5,19.0,0.7368421052631579,1106.85,1080.65,517.0,130.0,152.0,235.0,0.46099290780141844,0.45454545454545453,-73.54487427466147,0.4939759036144578,0.41379310344827586,0.40766,-506.84343749999795,830.2500000000016,2875.5281250000016,5630.683007812504,8824.505062500002,3626.669060689089,0.9986,0.70488,15.03522,562.2145216465213,
ZN,510,14,9,0.67,5,19.0,0.7368421052631579,1106.85,690.025,517.0,217.0,142.0,158.0,0.6044568245125348,0.3056092843326886,-69.9181818181818,0.6080402010050251,0.6,0.43003,-1191.5763749999994,121.230000000001,1902.1950000000006,4230.601875000001,7125.627726562506,2501.6648266862194,0.9993,0.81172,13.69128,403.751189188257,
ZN,510,14,6,0.43,5,19.0,0.7368421052631579,1106.85,455.65,517.0,278.0,128.0,111.0,0.6847290640394089,0.21470019342359767,-84.12272727272725,0.6866359447004609,0.6825396825396826,0.37547,-1975.7137499999994,-897.9271874999995,407.38218750000055,1983.469218750001,3802.165031250001,725.5294788894658,0.9986,0.8802,12.00814,144.85111222565934,
ZN,510,14,5,0.33,5,19.0,0.7368421052631579,1106.85,377.525,517.0,312.0,121.0,84.0,0.7205542725173211,0.16247582205029013,-80.79825918762087,0.72,0.7211538461538461,0.37307,-2050.112812499999,-997.2337499999998,215.76374999999996,1660.5703125000005,3386.5387031250034,475.54217634484905,0.9988,0.91722,11.41614,103.99386835371105,
ZN,510,14,4,0.25,5,19.0,0.7368421052631579,1106.85,299.4,517.0,347.0,104.0,66.0,0.7694013303769401,0.1276595744680851,-66.29148936170212,0.7844827586206896,0.7534246575342466,0.39286,-1934.4487499999998,-929.6549999999996,206.70750000000015,1487.9257031250004,3048.3649335937566,419.12565773139994,0.9982,0.9531,11.008,103.4731717163636,
ZN,510,14,3,0.18,5,19.0,0.7368421052631579,1106.85,221.275,517.0,396.0,84.0,37.0,0.825,0.07156673114119923,-41.35797872340422,0.8223140495867769,0.8277310924369747,0.47878,-1465.6488749999999,-505.3401562499997,558.3768750000004,1898.4856640625007,3457.8132978515655,831.1440899601293,0.9995,0.98318,11.07884,201.8765384352632,
ZN,510,19,19,1.0,5,19.0,1.0,1497.475,1471.275,517.0,82.0,95.0,340.0,0.4632768361581921,0.6576402321083172,-49.06470019342356,0.49166666666666664,0.40350877192982454,0.43017,709.8727500000016,2605.480312500001,5580.444375000002,9565.565800781253,14144.475867187504,6657.8084347372305,0.9995,0.68594,15.48252,931.9729449257998,
ZN,510,19,13,0.67,5,19.0,1.0,1497.475,1002.525,517.0,150.0,93.0,274.0,0.6172839506172839,0.5299806576402321,-72.03375241779497,0.6129032258064516,0.625,0.40016,-224.34131249999913,1246.0162500000006,3484.0659375000005,6523.500937500001,10028.785359375004,4308.870278518892,0.99885,0.70868,14.49914,654.7325904447144,
ZN,510,19,8,0.43,5,19.0,1.0,1497.475,611.9,517.0,244.0,86.0,187.0,0.7393939393939394,0.3617021276595745,-72.18486460348161,0.7074468085106383,0.7816901408450704,0.40878,-1057.0601249999988,290.2725000000002,2137.2468750000007,4545.803320312501,7436.1206250000005,2736.2601560547187,0.99975,0.82098,12.99626,449.9055702222475,
ZN,510,19,6,0.33,5,19.0,1.0,1497.475,455.65,517.0,291.0,78.0,148.0,0.7886178861788617,0.2862669245647969,-76.56711798839459,0.7647058823529411,0.8181818181818182,0.38685,-1594.6762499999995,-425.0517187499988,1118.1051562500002,3048.3319921875013,5312.582578125004,1558.4719027262427,0.9994,0.87262,12.18544,297.13138365671097,
ZN,510,19,5,0.25,5,19.0,1.0,1497.475,377.525,517.0,326.0,73.0,118.0,0.8170426065162907,0.22823984526112184,-71.12707930367505,0.794392523364486,0.8432432432432433,0.39055,-1706.0399999999995,-545.7234374999996,898.2562500000004,2751.041953125001,4818.837375000002,1293.8763514660955,0.9993,0.91128,11.64946,260.3229439997682,
ZN,510,19,3,0.18,5,19.0,1.0,1497.475,221.275,517.0,406.0,53.0,58.0,0.8845315904139434,0.11218568665377177,-44.38022243713731,0.8607594936708861,0.9099099099099099,0.43123,-1360.3724999999997,-352.68468749999977,821.0028515625006,2356.8665625000003,4112.315789062503,1155.7944577869193,0.9989,0.97502,11.51426,296.52538932735,
ZN,510,28,28,1.0,5,19.0,1.4736842105263157,2200.6,2174.4,517.0,35.0,34.0,448.0,0.5072463768115942,0.8665377176015474,-53.14472920696324,0.5471698113207547,0.375,0.40103,847.9136250000009,2958.7190625000017,6168.211875000001,10520.398125000002,15470.304873046882,7371.917618922182,0.99865,0.64652,15.3535,1042.5196706083375,
ZN,510,28,19,0.67,5,19.0,1.4736842105263157,2200.6,1471.275,517.0,83.0,33.0,401.0,0.7155172413793104,0.7756286266924565,-40.45130560928431,0.7195121951219512,0.7058823529411765,0.43501,1287.7087500000007,3472.008750000002,6826.910625000001,11360.478867187503,16249.391701171873,7995.10037782599,0.99975,0.68266,15.7467,1099.6200764797306,
ZN,510,28,12,0.43,5,19.0,1.4736842105263157,2200.6,924.4,517.0,178.0,32.0,307.0,0.8476190476190476,0.5938104448742747,-55.10918762088974,0.824,0.8823529411764706,0.42643,438.95306250000056,2220.4645312500015,4966.2028125000015,8676.57814453125,12744.91483593751,5946.77653936029,0.99945,0.7284,14.81992,862.5876418067322,
ZN,510,28,9,0.33,5,19.0,1.4736842105263157,2200.6,690.025,517.0,232.0,30.0,255.0,0.8854961832061069,0.4932301740812379,-59.34032882011605,0.8666666666666667,0.9107142857142857,0.42765,-206.1112499999998,1454.5406250000008,3810.528984375001,6936.166054687502,10374.819328125013,4586.76219246376,0.9997,0.79062,13.80016,696.3769459045419,
ZN,510,28,7,0.25,5,19.0,1.4736842105263157,2200.6,533.775,517.0,270.0,28.0,219.0,0.9060402684563759,0.42359767891682787,-69.46484526112185,0.8848484848484849,0.9323308270676691,0.4018,-927.1349999999991,433.00476562500035,2382.913125,4952.810917968751,7831.374785156253,3028.4857198885,0.9997,0.83388,12.98262,519.6940045808723,
ZN,510,28,5,0.18,5,19.0,1.4736842105263157,2200.6,377.525,517.0,332.0,24.0,161.0,0.9325842696629213,0.3114119922630561,-59.03810444874275,0.9202127659574468,0.9464285714285714,0.41507,-1254.7327499999994,10.507500000000064,1720.6790624999999,3979.1007421875006,6538.952250000001,2254.1277788238035,0.9999,0.90616,12.34982,434.50395438744283,
ZN,540,8,8,1.0,5,17.0,0.47058823529411764,638.1,611.9,517.0,215.0,217.0,85.0,0.4976851851851852,0.1644100580270793,-18.84226305609285,0.48484848484848486,0.5124378109452736,0.63125,-1162.079999999999,302.47874999999954,2315.6015625,4799.080458984376,7589.806734375003,2865.833976692059,0.99995,0.91998,16.47644,457.46616504681253,
ZN,540,8,5,0.67,5,17.0,0.47058823529411764,638.1,377.525,517.0,286.0,189.0,42.0,0.6021052631578947,0.08123791102514506,-33.04680851063831,0.5975609756097561,0.6069868995633187,0.6045,-1847.7337499999999,-721.665,607.9499999999996,2197.9536328125005,4058.6972343750012,902.2592918504333,1.0,0.97084,13.3455,167.95019728251341,
ZN,540,8,3,0.43,5,17.0,0.47058823529411764,638.1,221.275,517.0,369.0,135.0,13.0,0.7321428571428571,0.025145067698259187,-15.971131528046422,0.7182539682539683,0.746031746031746,0.70681,-1167.12,-305.68499999999983,765.61875,2047.597470703126,3496.3743427734403,1004.1508742256034,1.0,0.99688,12.0078,213.9095266104138,
ZN,540,8,2,0.25,5,17.0,,,,,,,,,,,,,,,,,,,,,,,,TP$<150
ZN,540,8,1,0.18,5,17.0,,,,,,,,,,,,,,,,,,,,,,,,TP$<150
ZN,540,13,13,1.0,5,17.0,0.7647058823529411,1028.725,1002.525,517.0,128.0,135.0,254.0,0.4866920152091255,0.4912959381044487,-20.957833655705986,0.5,0.46601941747572817,0.53774,144.04050000000166,1913.7712500000007,4529.8462500000005,8106.074648437501,12112.826695312511,5471.165790242868,1.0,0.81084,17.43814,823.4517733460542,
ZN,540,13,9,0.67,5,17.0,0.7647058823529411,1028.725,690.025,517.0,206.0,126.0,185.0,0.6204819277108434,0.3578336557059961,-20.655609284332662,0.5989304812834224,0.6482758620689655,0.56707,-413.3339999999986,1288.558828125002,3671.492343750001,6794.108437500002,10113.391828125006,4398.846428814939,1.0,0.8712,16.22744,665.7309467634843,
ZN,540,13,6,0.43,5,17.0,0.7647058823529411,1028.725,455.65,517.0,287.0,113.0,117.0,0.7175,0.2263056092843327,-22.01561895551255,0.6995305164319249,0.7379679144385026,0.59297,-1089.290249999999,455.2143750000006,2413.0982812500006,4918.920820312501,7656.542121093756,2940.876960714824,1.0,0.93874,14.14928,470.0676279894638,
ZN,540,13,4,0.33,5,17.0,0.7647058823529411,1028.725,299.4,517.0,355.0,97.0,65.0,0.7853982300884956,0.12572533849129594,-27.606769825918743,0.7659574468085106,0.8064516129032258,0.57203,-1419.1087499999994,-229.47749999999974,1270.1840625,3075.9834375000005,5104.071667968753,1611.985418311188,0.99995,0.97524,12.28674,306.74944445901895,
ZN,540,13,3,0.25,5,17.0,0.7647058823529411,1028.725,221.275,517.0,399.0,79.0,39.0,0.8347280334728033,0.07543520309477757,-14.611121856866513,0.8148148148148148,0.8553191489361702,0.63445,-1061.9825624999996,-1.4962499999996481,1310.4871875000003,2965.4578125000003,4786.842234375006,1648.8174405532857,0.99995,0.9914,11.9735,344.297617038832,
ZN,540,13,2,0.18,5,17.0,,,,,,,,,,,,,,,,,,,,,,,,TP$<150
ZN,540,17,17,1.0,5,17.0,1.0,1341.225,1315.025,517.0,73.0,82.0,362.0,0.47096774193548385,0.7001934235976789,-29.72234042553191,0.4727272727272727,0.4666666666666667,0.48578,145.0023750000006,1930.9753125000018,4577.315625000003,8340.7067578125,12526.92163476563,5627.510788136079,0.9998,0.76726,17.32572,868.2614822800418,
ZN,540,17,11,0.67,5,17.0,1.0,1341.225,846.275,517.0,166.0,75.0,276.0,0.6887966804979253,0.5338491295938105,-6.299951644100568,0.6405228758169934,0.7727272727272727,0.56909,615.381750000001,2693.058046875001,5721.6079687500005,9761.70159667969,14256.824203125007,6703.0480719376665,0.9999,0.84134,17.68152,981.9790190119791,
ZN,540,17,7,0.43,5,17.0,1.0,1341.225,533.775,517.0,271.0,68.0,178.0,0.799410029498525,0.344294003868472,3.3712282398452844,0.7407407407407407,0.8733333333333333,0.63177,314.46112500000027,2334.375000000001,5108.632031250001,8579.859653320316,12390.51456738282,5865.46866201975,1.0,0.9216,15.85994,860.6328009644353,
ZN,540,17,6,0.33,5,17.0,1.0,1341.225,455.65,517.0,294.0,65.0,158.0,0.8189415041782729,0.3056092843326886,-11.286653771760145,0.7638190954773869,0.8875,0.60113,-535.0663124999992,1174.9823437500002,3502.1671875,6398.222343750002,9564.058406250004,4113.533132237151,1.0,0.93492,14.6485,644.2637946971978,
ZN,540,17,4,0.25,5,17.0,1.0,1341.225,299.4,517.0,364.0,56.0,97.0,0.8666666666666667,0.18762088974854932,-19.748936170212755,0.8177777777777778,0.9230769230769231,0.57905,-1085.2526249999999,221.44500000000005,1935.0337500000005,4090.0946484375004,6394.4094375,2380.439421507775,1.0,0.971,12.7699,444.3314598119889,
ZN,540,17,3,0.18,5,17.0,1.0,1341.225,221.275,517.0,406.0,47.0,64.0,0.8962472406181016,0.12379110251450677,-12.797775628626662,0.8559322033898306,0.9400921658986175,0.60753,-865.9856249999991,245.02500000000038,1720.9195312500005,3644.521875000001,5723.246926757817,2143.105552467511,0.9999,0.9864,12.60342,452.47489893841595,
ZN,540,26,26,1.0,5,17.0,1.5294117647058822,2044.35,2018.15,517.0,29.0,36.0,452.0,0.4461538461538462,0.874274661508704,-37.42906189555125,0.4807692307692308,0.3076923076923077,0.43663,443.27475000000095,2403.8128125000007,5368.289062500001,9473.49703125,14077.239046875015,6518.4715374095085,0.99925,0.70768,17.00214,995.1773300608065,
ZN,540,26,17,0.67,5,17.0,1.5294117647058822,2044.35,1315.025,517.0,75.0,35.0,407.0,0.6818181818181818,0.7872340425531915,-34.55793036750482,0.6708860759493671,0.7096774193548387,0.45896,437.8286250000011,2350.170000000001,5230.820742187501,9078.663164062502,13521.722484375005,6270.323784051478,0.9995,0.74144,16.95492,960.6207574984958,
ZN,540,26,11,0.43,5,17.0,1.5294117647058822,2044.35,846.275,517.0,170.0,32.0,315.0,0.8415841584158416,0.6092843326885881,-10.984429400386846,0.8130081300813008,0.8860759493670886,0.53302,1016.2760625000009,3138.996093750001,6370.713281250002,10452.004365234376,14963.377508789066,7323.666138431339,1.0,0.81466,17.3646,1072.7168381003735,
ZN,540,26,9,0.33,5,17.0,1.5294117647058822,2044.35,690.025,517.0,216.0,31.0,270.0,0.8744939271255061,0.5222437137330754,-9.775531914893621,0.8357142857142857,0.9252336448598131,0.54808,727.0531875000007,2820.9290625000003,5860.48078125,9672.699726562503,13975.03390429688,6734.124189029527,1.0,0.84962,16.65806,993.8217923572635,
ZN,540,26,6,0.25,5,17.0,1.5294117647058822,2044.35,455.65,517.0,301.0,28.0,188.0,0.9148936170212766,0.36363636363636365,-9.7755319148936,0.8757062146892656,0.9605263157894737,0.56943,-38.165624999999935,1843.6725000000004,4437.572343750001,7726.738798828127,11151.506056640634,5120.0112935613115,0.99995,0.918,15.02252,809.0422827824608,
ZN,540,26,5,0.18,5,17.0,1.5294117647058822,2044.35,377.525,517.0,334.0,27.0,156.0,0.925207756232687,0.30174081237911027,-19.74893617021276,0.890625,0.9644970414201184,0.54389,-546.2150624999998,1072.4456250000007,3332.6015625,6080.8812890624995,9109.054898437505,3878.1670070533596,1.0,0.93502,13.88822,655.8135655452446,
ZC,510,11,11,1.0,5,22.0,0.5,713.9,661.1,502.0,187.0,200.0,115.0,0.48320413436692505,0.2290836653386454,-50.30438247011953,0.48,0.48663101604278075,0.50467,-1665.4050000000002,-403.9762500000003,1199.7956249999997,3247.8581249999997,5620.9629375,1662.8952794172362,0.99985,0.87044,15.21752,293.5869195320068,
ZC,510,11,7,0.67,5,22.0,0.5,713.9,411.1,502.0,271.0,169.0,62.0,0.615909090909091,0.12350597609561753,-37.48067729083666,0.625,0.6064814814814815,0.57317,-1838.367,-668.8181249999999,781.4587500000004,2529.25453125,4529.149875000001,1132.5145402791595,1.0,0.95676,13.34228,206.08496782907412,
ZC,510,11,5,0.43,5,22.0,0.5,713.9,286.1,502.0,318.0,149.0,35.0,0.6809421841541756,0.0697211155378486,-43.83027888446215,0.679324894514768,0.6826086956521739,0.5257,-1868.8117499999998,-935.4093750000001,161.73000000000022,1427.9259375000006,2834.2290937500015,361.8440531173555,0.9998,0.98154,11.77136,83.62632868387762,
ZC,510,11,4,0.33,5,22.0,0.5,713.9,223.6,502.0,345.0,131.0,26.0,0.7247899159663865,0.05179282868525897,-44.45278884462152,0.7226890756302521,0.726890756302521,0.49142,-1573.2900000000004,-807.615,42.43500000000006,1006.1915625000001,2107.8078750000013,172.9703773789673,0.9989,0.99026,11.23216,51.14077030129395,
ZC,510,11,3,0.25,5,22.0,0.5,713.9,161.1,502.0,383.0,110.0,9.0,0.7768762677484787,0.017928286852589643,-38.601195219123504,0.7732793522267206,0.7804878048780488,0.47912,-1202.58,-576.4275,71.1675000000001,766.9195312499999,1657.9726875000003,149.33344823107913,0.99515,0.99658,10.51142,55.61008241132814,
ZC,510,11,2,0.18,5,22.0,,,,,,,,,,,,,,,,,,,,,,,,TP$<150
ZC,510,16,16,1.0,5,22.0,0.7272727272727273,1026.4,973.6,502.0,131.0,139.0,232.0,0.48518518518518516,0.46215139442231074,-64.49760956175301,0.4930555555555556,0.47619047619047616,0.43266,-839.6100000000006,499.3649999999989,2383.5037499999985,4988.415937499999,8102.820093750003,3129.0031094545893,0.9995,0.75852,15.0781,512.7820550105711,
ZC,510,16,11,0.67,5,22.0,0.7272727272727273,1026.4,661.1,502.0,198.0,131.0,173.0,0.601823708206687,0.34462151394422313,-77.07231075697213,0.5882352941176471,0.6163522012578616,0.40907,-1619.5950000000005,-440.3081250000013,1061.774999999999,3005.611874999999,5296.016109375,1526.163764572265,0.9993,0.81852,13.66366,276.09851546542956,
ZC,510,16,7,0.43,5,22.0,0.7272727272727273,1026.4,411.1,502.0,286.0,114.0,102.0,0.715,0.20318725099601595,-62.87908366533867,0.7121951219512195,0.717948717948718,0.44524,-1980.8550000000007,-840.4059375000012,536.7543749999999,2205.4204687499996,4105.013625,852.8388343736567,0.9997,0.92128,12.12338,172.10493875385123,
ZC,510,16,5,0.33,5,22.0,0.7272727272727273,1026.4,286.1,502.0,333.0,100.0,69.0,0.76905311778291,0.13745019920318724,-66.86314741035861,0.7601809954751131,0.7783018867924528,0.38788,-1955.1600000000005,-1032.6150000000005,0.0,1204.0003124999998,2558.1172500000034,196.81654654151893,0.9985,0.96012,10.90004,51.56097676583858,
ZC,510,16,4,0.25,5,22.0,0.7272727272727273,1026.4,223.6,502.0,361.0,87.0,54.0,0.8058035714285714,0.10756972111553785,-60.88705179282872,0.7955555555555556,0.8161434977578476,0.37166,-1682.8335000000006,-874.5300000000004,27.40500000000003,1006.2,2169.7537499999994,149.05118469067352,0.99375,0.97838,10.67056,45.009463831787016,
ZC,510,16,3,0.18,5,22.0,0.7272727272727273,1026.4,161.1,502.0,398.0,76.0,28.0,0.8396624472573839,0.055776892430278883,-53.914940239043844,0.8319327731092437,0.847457627118644,0.34256,-1275.0750000000003,-603.2250000000001,89.1506249999996,807.7696875,1766.8968749999997,187.80111005163562,0.98175,0.9908,10.69376,71.9415340144958,
ZC,510,22,22,1.0,5,22.0,1.0,1401.4,1348.6,502.0,84.0,87.0,331.0,0.49122807017543857,0.6593625498007968,-76.3252988047809,0.4731182795698925,0.5128205128205128,0.38468,-335.8620000000008,1080.404999999999,3277.732499999999,6297.609374999998,9976.645546875003,4195.364138391356,0.99835,0.68194,14.75638,660.5546669973629,
ZC,510,22,15,0.67,5,22.0,1.0,1401.4,911.1,502.0,143.0,86.0,273.0,0.6244541484716157,0.5438247011952191,-97.36613545816734,0.6190476190476191,0.6310679611650486,0.35345,-1004.4900000000004,156.1499999999997,1804.6237499999997,4007.8040624999994,6695.751937500011,2416.7636844916983,0.99745,0.71364,13.63794,421.86895773486316,
ZC,510,22,9,0.43,5,22.0,1.0,1401.4,536.1,502.0,244.0,77.0,181.0,0.7601246105919003,0.3605577689243028,-84.91593625498008,0.7558139534883721,0.7651006711409396,0.3744,-1661.0895000000007,-517.6350000000001,937.1531249999995,2804.0175,5041.076062500003,1366.9971405919187,0.99905,0.83714,12.5029,265.47802151879876,
ZC,510,22,7,0.33,5,22.0,1.0,1401.4,411.1,502.0,291.0,72.0,139.0,0.8016528925619835,0.27689243027888444,-83.17290836653387,0.7936507936507936,0.8103448275862069,0.36484,-1928.2612500000005,-846.7931250000003,495.53437499999984,2143.5750000000003,4023.8685000000005,821.0891363994139,0.99875,0.89146,11.67946,179.12203884931634,
ZC,510,22,6,0.25,5,22.0,1.0,1401.4,348.6,502.0,314.0,68.0,120.0,0.8219895287958116,0.23904382470119523,-78.44183266932274,0.8080808080808081,0.8369565217391305,0.36167,-1937.8215000000002,-917.1450000000003,318.24,1844.0254687499998,3583.2414375,622.1382510997921,0.9984,0.9199,11.3585,146.90325823873897,
ZC,510,22,4,0.18,5,22.0,1.0,1401.4,223.6,502.0,366.0,56.0,80.0,0.8672985781990521,0.1593625498007968,-77.32131474103589,0.8511627906976744,0.8840579710144928,0.288,-1640.7000000000003,-868.2300000000001,0.0,978.9328125000001,2158.4573437500007,154.1571093792112,0.9844,0.96314,10.70352,54.39868300843499,
ZC,510,33,33,1.0,5,22.0,1.5,2088.9,2036.1,502.0,49.0,61.0,392.0,0.44545454545454544,0.7808764940239044,-105.58326693227094,0.43859649122807015,0.4528301886792453,0.32273,174.05549999999903,1759.618124999999,4258.3499999999985,7861.899375000001,12287.469375,5423.741515810547,0.9939,0.56712,13.36896,804.2692095457031,
ZC,510,33,22,0.67,5,22.0,1.5,2088.9,1348.6,502.0,86.0,59.0,357.0,0.593103448275862,0.7111553784860558,-137.8292828685259,0.6052631578947368,0.5797101449275363,0.2805,-536.3820000000003,562.2749999999993,2293.9649999999992,4847.034374999999,7872.264000000002,3128.647125522216,0.9885,0.58596,12.73528,538.3199388893554,
ZC,510,33,14,0.43,5,22.0,1.5,2088.9,848.6,502.0,162.0,58.0,282.0,0.7363636363636363,0.5617529880478087,-161.73366533864544,0.7521367521367521,0.7184466019417476,0.2417,-1065.1770000000004,-108.85500000000009,1053.9674999999997,2821.426874999999,5026.088250000001,1609.2410825434565,0.98025,0.62642,11.88588,329.22273372802726,
ZC,510,33,11,0.33,5,22.0,1.5,2088.9,661.1,502.0,206.0,57.0,239.0,0.7832699619771863,0.4760956175298805,-159.9906374501992,0.7851851851851852,0.78125,0.23026,-1378.8450000000003,-456.3,639.6749999999997,2202.4293749999997,4115.358000000001,1084.5403585971678,0.97945,0.68444,11.5117,246.64058416582023,
ZC,510,33,8,0.25,5,22.0,1.5,2088.9,473.6,502.0,267.0,52.0,183.0,0.8369905956112853,0.3645418326693227,-148.78545816733066,0.8323353293413174,0.8421052631578947,0.22015,-1670.7600000000004,-761.6587500000007,276.83999999999986,1606.7700000000002,3248.325,593.6593969775388,0.9801,0.77326,11.01544,159.20108112480466,
ZC,510,33,6,0.18,5,22.0,1.5,2088.9,348.6,502.0,317.0,48.0,137.0,0.8684931506849315,0.2729083665338645,-132.35119521912353,0.8617021276595744,0.8757062146892656,0.21454,-1738.6672500000006,-863.865,114.92999999999984,1321.7400000000005,2837.919937500001,376.79298131909155,0.97645,0.85154,10.55828,113.03186479980464,
